Organization,Followed On
Designed Nutritional Products,Tue Aug 11 20:46:20 UTC 2026
"Queens, a puzzle by LinkedIn",Thu Apr 16 01:42:54 UTC 2026
"Tango, a puzzle by LinkedIn",Thu Apr 16 01:42:05 UTC 2026
"Mini Sudoku, a puzzle by LinkedIn",Thu Apr 16 01:40:36 UTC 2026
"Zip, a puzzle by LinkedIn",Thu Apr 16 01:39:30 UTC 2026
"Patches, a puzzle by LinkedIn",Thu Apr 16 01:39:01 UTC 2026
Chick-fil-A Corporate Support Center,Thu Feb 12 00:47:23 UTC 2026
BYU Athletics,Sat Jan 17 07:12:24 UTC 2026
RocketFuel Recharge | Fintech for Fulfillment,Fri Sep 26 17:06:07 UTC 2025
Idaho Scientific,Fri Sep 19 22:39:30 UTC 2025
Association for Semiconductors and AI Policy,Tue Apr 15 22:27:26 UTC 2025
The School of Hard Knocks,Mon Dec 02 00:10:07 UTC 2024
Valley Women's Health,Fri Nov 18 16:51:35 UTC 2022
Orem High School,Fri Nov 18 16:37:00 UTC 2022
LinkedIn News,Fri Nov 18 16:10:34 UTC 2022
Brigham Young University,Fri Nov 18 16:07:49 UTC 2022