Endorsement Date,Skill Name,Endorser First Name,Endorser Last Name,Endorser Public Url,Endorsement Status
2025/09/27 03:53:11 UTC,Information Technology,Roberto,Maldonado,www.linkedin.com/in/roberto-maldonado-158688105,ACCEPTED
2025/09/27 03:53:10 UTC,Problem Solving,Roberto,Maldonado,www.linkedin.com/in/roberto-maldonado-158688105,ACCEPTED
2025/09/27 03:53:06 UTC,Operational Efficiency,Roberto,Maldonado,www.linkedin.com/in/roberto-maldonado-158688105,ACCEPTED
2025/09/27 03:53:04 UTC,Communication,Roberto,Maldonado,www.linkedin.com/in/roberto-maldonado-158688105,ACCEPTED
2025/09/27 03:53:03 UTC,Mandarin,Roberto,Maldonado,www.linkedin.com/in/roberto-maldonado-158688105,ACCEPTED
2025/09/27 03:53:01 UTC,Lesson Planning,Roberto,Maldonado,www.linkedin.com/in/roberto-maldonado-158688105,ACCEPTED
2025/09/27 03:52:58 UTC,Teaching,Roberto,Maldonado,www.linkedin.com/in/roberto-maldonado-158688105,ACCEPTED
2025/09/27 03:52:55 UTC,Working with Children,Roberto,Maldonado,www.linkedin.com/in/roberto-maldonado-158688105,ACCEPTED
2025/09/27 03:52:52 UTC,C++,Roberto,Maldonado,www.linkedin.com/in/roberto-maldonado-158688105,ACCEPTED
2025/09/27 03:52:47 UTC,Python (Programming Language),Roberto,Maldonado,www.linkedin.com/in/roberto-maldonado-158688105,ACCEPTED
2025/09/27 03:52:46 UTC,Customer Experience,Roberto,Maldonado,www.linkedin.com/in/roberto-maldonado-158688105,ACCEPTED
2025/09/27 03:49:07 UTC,Java,Roberto,Maldonado,www.linkedin.com/in/roberto-maldonado-158688105,ACCEPTED
2025/09/27 03:49:06 UTC,C (Programming Language),Roberto,Maldonado,www.linkedin.com/in/roberto-maldonado-158688105,HIDDEN
