From,To,Sent At,Message,Direction,inviterProfileUrl,inviteeProfileUrl
Noah Goo,Scott Murff,"9/29/26, 10:55 AM",,OUTGOING,https://www.linkedin.com/in/noah-goo,https://www.linkedin.com/in/scottdmurff
Noah Goo,Nate Gardner,"9/20/26, 9:43 AM",,OUTGOING,https://www.linkedin.com/in/noah-goo,https://www.linkedin.com/in/nate-gardner-336b6529
Noah Goo,Adam Peterson,"9/20/26, 9:42 AM",,OUTGOING,https://www.linkedin.com/in/noah-goo,https://www.linkedin.com/in/adamdouglaspeterson
Noah Goo,Logan Lund,"9/20/26, 9:42 AM",,OUTGOING,https://www.linkedin.com/in/noah-goo,https://www.linkedin.com/in/loganlund
Noah Goo,Ben Graff,"9/20/26, 9:42 AM",,OUTGOING,https://www.linkedin.com/in/noah-goo,https://www.linkedin.com/in/bengraff645
Noah Goo,Colton Bradshaw,"9/20/26, 9:42 AM",,OUTGOING,https://www.linkedin.com/in/noah-goo,https://www.linkedin.com/in/coltonjbradshaw
Noah Goo,Sejeong Jeon,"9/20/26, 9:42 AM",,OUTGOING,https://www.linkedin.com/in/noah-goo,https://www.linkedin.com/in/sejeong-jeon-905440213
Noah Goo,Jared Persson,"9/20/26, 9:42 AM",,OUTGOING,https://www.linkedin.com/in/noah-goo,https://www.linkedin.com/in/jared-persson
Noah Goo,Corban Yeakley,"9/17/26, 1:36 PM",,OUTGOING,https://www.linkedin.com/in/noah-goo,https://www.linkedin.com/in/corban-yeakley
Noah Goo,Keenan Faulkner,"9/17/26, 10:27 AM",,OUTGOING,https://www.linkedin.com/in/noah-goo,https://www.linkedin.com/in/keenan-faulkner
Noah Goo,Brandon Paul,"9/17/26, 9:46 AM",,OUTGOING,https://www.linkedin.com/in/noah-goo,https://www.linkedin.com/in/bpaul18
Noah Goo,Jason Brown,"9/17/26, 9:11 AM",,OUTGOING,https://www.linkedin.com/in/noah-goo,https://www.linkedin.com/in/jason-brown-brcm
Noah Goo,Tony Ramirez,"9/17/26, 8:51 AM",,OUTGOING,https://www.linkedin.com/in/noah-goo,https://www.linkedin.com/in/tonyramirezlecca
Noah Goo,Harrison Stone,"9/16/26, 1:42 PM",,OUTGOING,https://www.linkedin.com/in/noah-goo,https://www.linkedin.com/in/harrison-stone-20b9b2261
Noah Goo,Justin Ekins,"9/10/26, 6:36 PM",Hey Justin! I’m the computer engineering student you talked to at the end of today’s event. It was super nice to meet you and hear some of your thoughts on today’s industry!,OUTGOING,https://www.linkedin.com/in/noah-goo,https://www.linkedin.com/in/jekinsactual
Noah Goo,Hayden Peterson,"8/31/26, 6:54 PM",,OUTGOING,https://www.linkedin.com/in/noah-goo,https://www.linkedin.com/in/haydenkpeterson
Noah Goo,Isai Mercado Oliveros,"8/31/26, 6:54 PM",,OUTGOING,https://www.linkedin.com/in/noah-goo,https://www.linkedin.com/in/isaimercado
Noah Goo,Grace Wong,"8/31/26, 6:54 PM",,OUTGOING,https://www.linkedin.com/in/noah-goo,https://www.linkedin.com/in/grace-cl-wong
Noah Goo,Chris Koller,"8/31/26, 6:54 PM",,OUTGOING,https://www.linkedin.com/in/noah-goo,https://www.linkedin.com/in/chris-koller-2144705
Noah Goo,Sarah Evans,"8/31/26, 6:54 PM",,OUTGOING,https://www.linkedin.com/in/noah-goo,https://www.linkedin.com/in/sarah-evans-7b8861225
Noah Goo,Aarohi Bhatt,"8/31/26, 6:53 PM",,OUTGOING,https://www.linkedin.com/in/noah-goo,https://www.linkedin.com/in/aarohibhatt
Noah Goo,Tsung-Chiang Johnny Huang,"8/31/26, 6:06 PM",,OUTGOING,https://www.linkedin.com/in/noah-goo,https://www.linkedin.com/in/johnnytchuang
Noah Goo,Gibson Ainge,"8/31/26, 6:06 PM",,OUTGOING,https://www.linkedin.com/in/noah-goo,https://www.linkedin.com/in/gibsonainge
Noah Goo,Tustin Neilson,"8/31/26, 6:06 PM",,OUTGOING,https://www.linkedin.com/in/noah-goo,https://www.linkedin.com/in/tustinneilson
Noah Goo,Adam Johnson,"8/31/26, 6:06 PM",,OUTGOING,https://www.linkedin.com/in/noah-goo,https://www.linkedin.com/in/adamcajohnson
Noah Goo,Jacob Nowjack,"8/31/26, 6:06 PM",,OUTGOING,https://www.linkedin.com/in/noah-goo,https://www.linkedin.com/in/jacobnowjack
Noah Goo,Chris Dutson,"8/31/26, 5:48 PM",,OUTGOING,https://www.linkedin.com/in/noah-goo,https://www.linkedin.com/in/christopherdutson
Noah Goo,Logan Thurman,"8/31/26, 5:48 PM",,OUTGOING,https://www.linkedin.com/in/noah-goo,https://www.linkedin.com/in/logan-thurman
Noah Goo,Hunter Rees,"8/31/26, 5:48 PM",,OUTGOING,https://www.linkedin.com/in/noah-goo,https://www.linkedin.com/in/hunter-rees
Noah Goo,Anders Evensen,"8/31/26, 5:48 PM",,OUTGOING,https://www.linkedin.com/in/noah-goo,https://www.linkedin.com/in/anders429
Noah Goo,Aleah F.,"8/31/26, 5:48 PM",,OUTGOING,https://www.linkedin.com/in/noah-goo,https://www.linkedin.com/in/aleahf
Noah Goo,Chloe Hale,"8/31/26, 5:48 PM",,OUTGOING,https://www.linkedin.com/in/noah-goo,https://www.linkedin.com/in/chloehale1
Noah Goo,Joe Stack,"8/31/26, 5:48 PM",,OUTGOING,https://www.linkedin.com/in/noah-goo,https://www.linkedin.com/in/joewstack
Noah Goo,Steven Wilkins,"8/31/26, 5:48 PM",,OUTGOING,https://www.linkedin.com/in/noah-goo,https://www.linkedin.com/in/steven-wilkins-sde
Noah Goo,"Nhat ""Vy"" Nguyen","7/31/26, 8:37 AM",,OUTGOING,https://www.linkedin.com/in/noah-goo,https://www.linkedin.com/in/vynhatnguyen
Noah Goo,Landon Swalberg,"7/29/26, 10:57 AM",,OUTGOING,https://www.linkedin.com/in/noah-goo,https://www.linkedin.com/in/landon-swalberg
Noah Goo,Lars Olson,"7/23/26, 1:56 PM",,OUTGOING,https://www.linkedin.com/in/noah-goo,https://www.linkedin.com/in/olsonle
Noah Goo,Will Howes,"7/23/26, 1:56 PM",,OUTGOING,https://www.linkedin.com/in/noah-goo,https://www.linkedin.com/in/whowes
Noah Goo,Tanner Barton,"7/23/26, 1:56 PM",,OUTGOING,https://www.linkedin.com/in/noah-goo,https://www.linkedin.com/in/tanner-barton
Noah Goo,Spencer C.,"7/23/26, 1:56 PM",,OUTGOING,https://www.linkedin.com/in/noah-goo,https://www.linkedin.com/in/spencer-c-25247919
Noah Goo,Dallin Lauritzen,"7/23/26, 1:55 PM",,OUTGOING,https://www.linkedin.com/in/noah-goo,https://www.linkedin.com/in/dallinlauritzen
Noah Goo,Rachael Y.,"7/23/26, 1:55 PM",,OUTGOING,https://www.linkedin.com/in/noah-goo,https://www.linkedin.com/in/rachael-young48
Noah Goo,Robinson Paz,"7/23/26, 1:55 PM",,OUTGOING,https://www.linkedin.com/in/noah-goo,https://www.linkedin.com/in/robinsonpazjesus
Noah Goo,John Swingle,"7/23/26, 1:55 PM",,OUTGOING,https://www.linkedin.com/in/noah-goo,https://www.linkedin.com/in/john-swingle
Noah Goo,Jared Canizales,"7/23/26, 1:55 PM",,OUTGOING,https://www.linkedin.com/in/noah-goo,https://www.linkedin.com/in/jared-canizales
Noah Goo,Mike Francis,"7/23/26, 1:50 PM",,OUTGOING,https://www.linkedin.com/in/noah-goo,https://www.linkedin.com/in/mike-m-francis
Noah Goo,Brent Kleinman,"7/23/26, 1:51 PM",,OUTGOING,https://www.linkedin.com/in/noah-goo,https://www.linkedin.com/in/brent-kleinman-56b1a1149
Noah Goo,Brandon Mooso,"7/23/26, 1:50 PM",,OUTGOING,https://www.linkedin.com/in/noah-goo,https://www.linkedin.com/in/brandon-mooso-336a9113
Noah Goo,Brian Saville,"7/23/26, 1:50 PM",,OUTGOING,https://www.linkedin.com/in/noah-goo,https://www.linkedin.com/in/brianksaville
Noah Goo,Aaron Hopkins,"7/23/26, 1:50 PM",,OUTGOING,https://www.linkedin.com/in/noah-goo,https://www.linkedin.com/in/aaron-hopkins-b49b64106
Noah Goo,Matt Powley,"7/23/26, 1:50 PM",,OUTGOING,https://www.linkedin.com/in/noah-goo,https://www.linkedin.com/in/mattpowley
Noah Goo,Scott C.,"7/23/26, 1:50 PM",,OUTGOING,https://www.linkedin.com/in/noah-goo,https://www.linkedin.com/in/tschen01
Noah Goo,Amanda Bloomfield,"7/23/26, 1:50 PM",,OUTGOING,https://www.linkedin.com/in/noah-goo,https://www.linkedin.com/in/amanda-bloomfield4
Noah Goo,Sam Badstubner,"7/23/26, 1:42 PM",,OUTGOING,https://www.linkedin.com/in/noah-goo,https://www.linkedin.com/in/sam-badstubner
Noah Goo,🌱 Joshua Hanson,"7/23/26, 1:39 PM",,OUTGOING,https://www.linkedin.com/in/noah-goo,https://www.linkedin.com/in/joshjhans
Noah Goo,Benjamin Pachev,"7/23/26, 1:39 PM",,OUTGOING,https://www.linkedin.com/in/noah-goo,https://www.linkedin.com/in/benjamin-pachev-85a1b58a
Noah Goo,Bailee Hodge,"7/23/26, 1:39 PM",,OUTGOING,https://www.linkedin.com/in/noah-goo,https://www.linkedin.com/in/bailee-hodge
Noah Goo,Michael Norris,"7/23/26, 1:39 PM",,OUTGOING,https://www.linkedin.com/in/noah-goo,https://www.linkedin.com/in/michaelbnorris28
Noah Goo,Nathan P.,"7/23/26, 1:39 PM",,OUTGOING,https://www.linkedin.com/in/noah-goo,https://www.linkedin.com/in/nathan-prisbrey
Noah Goo,Corey Simpson,"7/23/26, 1:39 PM",,OUTGOING,https://www.linkedin.com/in/noah-goo,https://www.linkedin.com/in/corey-simpson
Noah Goo,David Bryant,"7/23/26, 7:47 AM",,OUTGOING,https://www.linkedin.com/in/noah-goo,https://www.linkedin.com/in/david-bryant-07b314210
Noah Goo,Eddie Seay,"7/23/26, 7:46 AM",,OUTGOING,https://www.linkedin.com/in/noah-goo,https://www.linkedin.com/in/eddie-seay-66030697
Noah Goo,"Marcus Yates, SPHR","7/23/26, 7:46 AM",,OUTGOING,https://www.linkedin.com/in/noah-goo,https://www.linkedin.com/in/marcusyates
Noah Goo,Andrew German,"7/23/26, 7:46 AM",,OUTGOING,https://www.linkedin.com/in/noah-goo,https://www.linkedin.com/in/andrew-german-44914b18
Noah Goo,Daniel Shively,"7/23/26, 7:46 AM",,OUTGOING,https://www.linkedin.com/in/noah-goo,https://www.linkedin.com/in/daniel-shively-73a784120
Noah Goo,Stephen Chang,"7/17/26, 7:17 AM",,OUTGOING,https://www.linkedin.com/in/noah-goo,https://www.linkedin.com/in/stephencchang
Noah Goo,Bradley Nelson,"7/13/26, 8:44 AM",,OUTGOING,https://www.linkedin.com/in/noah-goo,https://www.linkedin.com/in/bradleynelson102
Noah Goo,Daniel Lee,"7/13/26, 8:43 AM",,OUTGOING,https://www.linkedin.com/in/noah-goo,https://www.linkedin.com/in/daniel-lee-1b10aba7
Noah Goo,Jacob Ackroyd,"7/13/26, 8:38 AM",,OUTGOING,https://www.linkedin.com/in/noah-goo,https://www.linkedin.com/in/jacobackroyd
Noah Goo,Jacob Cahoon,"7/13/26, 8:37 AM",,OUTGOING,https://www.linkedin.com/in/noah-goo,https://www.linkedin.com/in/jacobcahoon
Noah Goo,Jason Oliphant,"7/13/26, 8:37 AM",,OUTGOING,https://www.linkedin.com/in/noah-goo,https://www.linkedin.com/in/jason-oliphant-a2a931274
Noah Goo,Aidan Allred,"7/13/26, 8:37 AM",,OUTGOING,https://www.linkedin.com/in/noah-goo,https://www.linkedin.com/in/aidan-allred
Noah Goo,Onome Okuma,"7/13/26, 8:36 AM",,OUTGOING,https://www.linkedin.com/in/noah-goo,https://www.linkedin.com/in/onome-okuma
Noah Goo,Robert Davis,"7/13/26, 8:32 AM",,OUTGOING,https://www.linkedin.com/in/noah-goo,https://www.linkedin.com/in/robert-davis-14612b4
Noah Goo,Brandon Stoker,"7/13/26, 8:32 AM",,OUTGOING,https://www.linkedin.com/in/noah-goo,https://www.linkedin.com/in/brandonstoker
Noah Goo,Omni Miyamoto,"7/6/26, 6:52 AM",,OUTGOING,https://www.linkedin.com/in/noah-goo,https://www.linkedin.com/in/omni-miyamoto-1a1456375
Noah Goo,Stephen Blackham,"7/6/26, 6:49 AM",,OUTGOING,https://www.linkedin.com/in/noah-goo,https://www.linkedin.com/in/stephenblackham
Noah Goo,Hyrum Mangum,"7/6/26, 6:48 AM",,OUTGOING,https://www.linkedin.com/in/noah-goo,https://www.linkedin.com/in/hyrum-mangum
Noah Goo,Bryson Barney,"7/6/26, 6:45 AM",,OUTGOING,https://www.linkedin.com/in/noah-goo,https://www.linkedin.com/in/brysonbarney
Noah Goo,Isaac Yokota,"7/6/26, 6:45 AM",,OUTGOING,https://www.linkedin.com/in/noah-goo,https://www.linkedin.com/in/isaac-yokota-602821183
Noah Goo,"Benjamin Kaguwo, MBA","7/6/26, 6:44 AM",,OUTGOING,https://www.linkedin.com/in/noah-goo,https://www.linkedin.com/in/benjamin-kaguwo-mba-3928b8a4
Noah Goo,Davis A.,"7/6/26, 6:43 AM",,OUTGOING,https://www.linkedin.com/in/noah-goo,https://www.linkedin.com/in/davisaddy
Noah Goo,Phil Nichols,"7/6/26, 6:42 AM",,OUTGOING,https://www.linkedin.com/in/noah-goo,https://www.linkedin.com/in/phil-nichols-232482173
Noah Goo,Mike Johnson,"7/6/26, 6:41 AM",,OUTGOING,https://www.linkedin.com/in/noah-goo,https://www.linkedin.com/in/michaeljohnson86
Noah Goo,Sandy Lee,"7/6/26, 6:41 AM",,OUTGOING,https://www.linkedin.com/in/noah-goo,https://www.linkedin.com/in/sandy-lee-1822022a9
Noah Goo,Matt Almand,"7/6/26, 6:40 AM",,OUTGOING,https://www.linkedin.com/in/noah-goo,https://www.linkedin.com/in/matt-almand-2068b43
Noah Goo,Brock Smiley,"6/28/26, 11:42 AM",,OUTGOING,https://www.linkedin.com/in/noah-goo,https://www.linkedin.com/in/brock-smiley
Noah Goo,Ryan Roberts,"6/23/26, 1:36 PM",,OUTGOING,https://www.linkedin.com/in/noah-goo,https://www.linkedin.com/in/ryan-roberts-43707716
Noah Goo,Jeff Tabet,"6/23/26, 1:35 PM",,OUTGOING,https://www.linkedin.com/in/noah-goo,https://www.linkedin.com/in/jefftabet
Noah Goo,David Parry,"6/19/26, 4:01 PM",,OUTGOING,https://www.linkedin.com/in/noah-goo,https://www.linkedin.com/in/david-parry27
Noah Goo,Rugby Taylor,"6/19/26, 4:01 PM",,OUTGOING,https://www.linkedin.com/in/noah-goo,https://www.linkedin.com/in/rugby-taylor
Noah Goo,Matthew Meyers,"6/19/26, 3:56 PM",,OUTGOING,https://www.linkedin.com/in/noah-goo,https://www.linkedin.com/in/matthewmeyers11
Noah Goo,Kekoapoaono Montalbo,"6/19/26, 3:54 PM",,OUTGOING,https://www.linkedin.com/in/noah-goo,https://www.linkedin.com/in/kekoapoaono-montalbo
Noah Goo,JT Taylor,"6/19/26, 3:54 PM",,OUTGOING,https://www.linkedin.com/in/noah-goo,https://www.linkedin.com/in/jt-taylor-ii
Noah Goo,David Packard,"6/19/26, 3:54 PM",,OUTGOING,https://www.linkedin.com/in/noah-goo,https://www.linkedin.com/in/davepackard
Noah Goo,Caelan Osman,"6/19/26, 3:53 PM",,OUTGOING,https://www.linkedin.com/in/noah-goo,https://www.linkedin.com/in/caelan-osman
Noah Goo,Joan Magalhaes,"6/19/26, 3:53 PM",,OUTGOING,https://www.linkedin.com/in/noah-goo,https://www.linkedin.com/in/joan-magalhaes
Noah Goo,Nathan Larson,"6/19/26, 3:53 PM",,OUTGOING,https://www.linkedin.com/in/noah-goo,https://www.linkedin.com/in/larsnathanson
Noah Goo,Nathan Tate,"6/19/26, 3:52 PM",,OUTGOING,https://www.linkedin.com/in/noah-goo,https://www.linkedin.com/in/yourdeveloperfriend
Noah Goo,Spencer Seeger,"6/19/26, 3:52 PM",,OUTGOING,https://www.linkedin.com/in/noah-goo,https://www.linkedin.com/in/spencer-seeger-03a12a133
Noah Goo,Emma Ausman,"6/19/26, 3:52 PM",,OUTGOING,https://www.linkedin.com/in/noah-goo,https://www.linkedin.com/in/emma-ausman
Noah Goo,Kyle Blatter,"6/19/26, 3:52 PM",,OUTGOING,https://www.linkedin.com/in/noah-goo,https://www.linkedin.com/in/kyleblatter
Noah Goo,Ross Eshleman,"6/17/26, 3:40 PM",,OUTGOING,https://www.linkedin.com/in/noah-goo,https://www.linkedin.com/in/ross-eshleman-0ba33110
Noah Goo,Jesse Chou,"6/16/26, 2:38 PM",,OUTGOING,https://www.linkedin.com/in/noah-goo,https://www.linkedin.com/in/jesse-chou-95748129a
Noah Goo,Ryan Jesperson,"6/16/26, 2:36 PM",,OUTGOING,https://www.linkedin.com/in/noah-goo,https://www.linkedin.com/in/ryan-jesperson
Noah Goo,Matt Jesperson,"6/16/26, 2:34 PM",,OUTGOING,https://www.linkedin.com/in/noah-goo,https://www.linkedin.com/in/matt-jesperson-4318214
Noah Goo,Kevin Purcer,"6/15/26, 3:41 PM",,OUTGOING,https://www.linkedin.com/in/noah-goo,https://www.linkedin.com/in/kevinpurcer
Noah Goo,Micah Heebner,"6/13/26, 8:42 AM",,OUTGOING,https://www.linkedin.com/in/noah-goo,https://www.linkedin.com/in/micah-heebner
Noah Goo,Nathan Hales,"6/10/26, 5:04 PM",,OUTGOING,https://www.linkedin.com/in/noah-goo,https://www.linkedin.com/in/nathan-hales-2b8081197
Noah Goo,Ruthie Houston,"6/10/26, 5:03 PM",,OUTGOING,https://www.linkedin.com/in/noah-goo,https://www.linkedin.com/in/ruthie-houston
Noah Goo,Jordan Miller,"6/10/26, 4:47 PM",,OUTGOING,https://www.linkedin.com/in/noah-goo,https://www.linkedin.com/in/jordan-miller-b39246127
Noah Goo,Jeremy Harms,"6/10/26, 4:46 PM",,OUTGOING,https://www.linkedin.com/in/noah-goo,https://www.linkedin.com/in/jeremy-harms
Noah Goo,Amber Hardy Sweney,"6/10/26, 4:22 PM",,OUTGOING,https://www.linkedin.com/in/noah-goo,https://www.linkedin.com/in/ambersweney
Noah Goo,Ivan Andrus,"6/10/26, 4:21 PM",,OUTGOING,https://www.linkedin.com/in/noah-goo,https://www.linkedin.com/in/iandrus
Noah Goo,H Glenn Hatfield,"6/10/26, 4:21 PM",,OUTGOING,https://www.linkedin.com/in/noah-goo,https://www.linkedin.com/in/hglennhatfield
Noah Goo,Stuart Vassey,"6/10/26, 4:14 PM",,OUTGOING,https://www.linkedin.com/in/noah-goo,https://www.linkedin.com/in/stuart-v-5b870b13
Noah Goo,Arthur Anderson,"6/10/26, 4:15 PM",,OUTGOING,https://www.linkedin.com/in/noah-goo,https://www.linkedin.com/in/arthur-anderson-19055a40
Noah Goo,Mitchell Hart,"6/10/26, 4:14 PM",,OUTGOING,https://www.linkedin.com/in/noah-goo,https://www.linkedin.com/in/mitchellhart1
Noah Goo,Jason Curtis,"6/10/26, 4:14 PM",,OUTGOING,https://www.linkedin.com/in/noah-goo,https://www.linkedin.com/in/jason-curtis-6aa1511
Noah Goo,Dontá S.,"6/10/26, 4:14 PM",,OUTGOING,https://www.linkedin.com/in/noah-goo,https://www.linkedin.com/in/dontashaw
Noah Goo,Eric Turpin,"6/10/26, 4:14 PM",,OUTGOING,https://www.linkedin.com/in/noah-goo,https://www.linkedin.com/in/erturpin
Noah Goo,Bo Batten,"6/10/26, 4:14 PM",,OUTGOING,https://www.linkedin.com/in/noah-goo,https://www.linkedin.com/in/timothybobatten
Noah Goo,Duard (D.J.) Crandall,"6/10/26, 4:13 PM",,OUTGOING,https://www.linkedin.com/in/noah-goo,https://www.linkedin.com/in/duardcrandall
Noah Goo,Eduardo Zanatta,"6/7/26, 12:18 PM",,OUTGOING,https://www.linkedin.com/in/noah-goo,https://www.linkedin.com/in/eduardo-zanatta-21142813
Noah Goo,Trent Fong,"6/7/26, 11:38 AM",,OUTGOING,https://www.linkedin.com/in/noah-goo,https://www.linkedin.com/in/trent-fong-b40a6ab
Noah Goo,Geoffrey James Cole,"6/7/26, 11:36 AM",,OUTGOING,https://www.linkedin.com/in/noah-goo,https://www.linkedin.com/in/geoffrey-james-cole
Noah Goo,Jared Rossberg,"6/6/26, 9:12 AM",,OUTGOING,https://www.linkedin.com/in/noah-goo,https://www.linkedin.com/in/jared-rossberg
Noah Goo,Sione Brown,"6/6/26, 9:12 AM",,OUTGOING,https://www.linkedin.com/in/noah-goo,https://www.linkedin.com/in/sione-brown
Noah Goo,Gabe Coelho,"6/6/26, 9:11 AM",,OUTGOING,https://www.linkedin.com/in/noah-goo,https://www.linkedin.com/in/gabecoelho
Noah Goo,Brigham Andersen,"6/6/26, 9:11 AM",,OUTGOING,https://www.linkedin.com/in/noah-goo,https://www.linkedin.com/in/brighamandersen
Noah Goo,Aaron Hayden,"6/6/26, 9:11 AM",,OUTGOING,https://www.linkedin.com/in/noah-goo,https://www.linkedin.com/in/aaron-hayden221
Noah Goo,Fernando Ribeiro,"6/6/26, 9:11 AM",,OUTGOING,https://www.linkedin.com/in/noah-goo,https://www.linkedin.com/in/fernandohr
Noah Goo,Jake Christensen,"6/6/26, 9:11 AM",,OUTGOING,https://www.linkedin.com/in/noah-goo,https://www.linkedin.com/in/jacobchristensen2
Noah Goo,Samuel Buck,"6/6/26, 9:11 AM",,OUTGOING,https://www.linkedin.com/in/noah-goo,https://www.linkedin.com/in/samuelbuck
Noah Goo,Brad Daw,"6/6/26, 9:10 AM",,OUTGOING,https://www.linkedin.com/in/noah-goo,https://www.linkedin.com/in/brad-daw-bb10a53
Noah Goo,R. Bennett Tatgenhorst,"6/3/26, 10:11 AM",,OUTGOING,https://www.linkedin.com/in/noah-goo,https://www.linkedin.com/in/btatgenhorst
Noah Goo,Jason Lynch,"6/3/26, 10:11 AM",,OUTGOING,https://www.linkedin.com/in/noah-goo,https://www.linkedin.com/in/jplynch
Noah Goo,Eliana Ontibon,"6/2/26, 7:16 PM",,OUTGOING,https://www.linkedin.com/in/noah-goo,https://www.linkedin.com/in/eliana-ontibon
Noah Goo,"Cole Jesperson, DDS","7/6/26, 6:45 AM",,OUTGOING,https://www.linkedin.com/in/noah-goo,https://www.linkedin.com/in/cole-jesperson-dds-185b80127
Noah Goo,Kylie Konieczny,"6/2/26, 7:15 PM",,OUTGOING,https://www.linkedin.com/in/noah-goo,https://www.linkedin.com/in/kylie-konieczny-22bb032a2
Noah Goo,Carlos Nnamani,"6/2/26, 7:14 PM",,OUTGOING,https://www.linkedin.com/in/noah-goo,https://www.linkedin.com/in/carlos-nnamani
Noah Goo,Kaylee Burt,"6/2/26, 7:14 PM",,OUTGOING,https://www.linkedin.com/in/noah-goo,https://www.linkedin.com/in/kaylee-burt-664559297
Noah Goo,Ashton Idiart,"6/2/26, 7:14 PM",,OUTGOING,https://www.linkedin.com/in/noah-goo,https://www.linkedin.com/in/ashton-idiart
Noah Goo,Allison Smith Desjardins,"6/2/26, 7:09 PM",Hi Allison thank you for putting on the amazing HBS event tonight! I learned so much about the HBS and its inspired me to prepare an application!,OUTGOING,https://www.linkedin.com/in/noah-goo,https://www.linkedin.com/in/allison-smith-desjardins-a0504411
Noah Goo,Dusty Register,"6/2/26, 7:05 PM",Hey Dusty thanks for all the insights you shared at the HSB event tonight! It was great to meet you and hear your advice!,OUTGOING,https://www.linkedin.com/in/noah-goo,https://www.linkedin.com/in/dustyregister
Noah Goo,Kynley Simerson,"5/22/26, 8:19 PM",,OUTGOING,https://www.linkedin.com/in/noah-goo,https://www.linkedin.com/in/kynley-simerson
Noah Goo,Sompet Ngamsanith,"5/22/26, 8:19 PM",,OUTGOING,https://www.linkedin.com/in/noah-goo,https://www.linkedin.com/in/sompet-ngamsanith-abb8853bb
Noah Goo,Micah DeVore,"5/22/26, 8:19 PM",,OUTGOING,https://www.linkedin.com/in/noah-goo,https://www.linkedin.com/in/micah-devore-a46377329
Noah Goo,Max Rindsberg,"5/22/26, 8:19 PM",,OUTGOING,https://www.linkedin.com/in/noah-goo,https://www.linkedin.com/in/max-rindsberg
Noah Goo,Karla Rodriguez,"5/21/26, 2:45 PM",,OUTGOING,https://www.linkedin.com/in/noah-goo,https://www.linkedin.com/in/karla-rodriguez14
Noah Goo,Jaime Mejia,"5/21/26, 2:44 PM",,OUTGOING,https://www.linkedin.com/in/noah-goo,https://www.linkedin.com/in/jaime-mejia-46972694
Noah Goo,Brandon Houston,"5/21/26, 2:43 PM",,OUTGOING,https://www.linkedin.com/in/noah-goo,https://www.linkedin.com/in/brandonhoustoncfa
Noah Goo,Michael Grimaldi,"5/21/26, 2:43 PM",,OUTGOING,https://www.linkedin.com/in/noah-goo,https://www.linkedin.com/in/michael-grimaldi-b6b7714a
Noah Goo,Garrett Sheley,"5/21/26, 2:43 PM",,OUTGOING,https://www.linkedin.com/in/noah-goo,https://www.linkedin.com/in/garrett-sheley-b49b152a0
Noah Goo,Jacob DiSanto,"5/21/26, 2:43 PM",,OUTGOING,https://www.linkedin.com/in/noah-goo,https://www.linkedin.com/in/jacobdisanto
Noah Goo,Timothy Weinhardt,"5/21/26, 2:43 PM",,OUTGOING,https://www.linkedin.com/in/noah-goo,https://www.linkedin.com/in/timothy-weinhardt
Noah Goo,Timothy Kim,"5/21/26, 2:43 PM",,OUTGOING,https://www.linkedin.com/in/noah-goo,https://www.linkedin.com/in/timothykim531
Noah Goo,Ryan Quintana,"5/21/26, 2:40 PM",,OUTGOING,https://www.linkedin.com/in/noah-goo,https://www.linkedin.com/in/ryan--quintana
Noah Goo,Shreya Pillamari,"6/10/26, 4:46 PM",,OUTGOING,https://www.linkedin.com/in/noah-goo,https://www.linkedin.com/in/shreya-pillamari
Noah Goo,Cayson Ou,"5/18/26, 10:11 AM",,OUTGOING,https://www.linkedin.com/in/noah-goo,https://www.linkedin.com/in/caysonou
Noah Goo,Derek Cheng,"5/4/26, 5:49 PM",,OUTGOING,https://www.linkedin.com/in/noah-goo,https://www.linkedin.com/in/derek-cheng-742482323
Noah Goo,McKay Smith,"5/1/26, 11:40 AM",,OUTGOING,https://www.linkedin.com/in/noah-goo,https://www.linkedin.com/in/mckay-smith-a626b6319
Noah Goo,Cy Packer,"6/7/26, 11:37 AM",,OUTGOING,https://www.linkedin.com/in/noah-goo,https://www.linkedin.com/in/cypacker
Noah Goo,Chase Wheeler,"4/22/26, 2:05 PM",,OUTGOING,https://www.linkedin.com/in/noah-goo,https://www.linkedin.com/in/chase-wheeler
Noah Goo,Ben Glines,"4/22/26, 2:01 PM","Hi Ben, I’m a BYU CompE student and saw you’re a BYU alum at Nvidia. I’d love to connect and learn from your career journey. ",OUTGOING,https://www.linkedin.com/in/noah-goo,https://www.linkedin.com/in/ben-glines
Noah Goo,Scott Hilton,"4/22/26, 2:00 PM","Hi Scott, I’m a BYU CompE student and saw you’re a BYU alum at Nvidia. I’d love to connect and learn from your career journey. ",OUTGOING,https://www.linkedin.com/in/noah-goo,https://www.linkedin.com/in/scott-hilton-776b99122
Noah Goo,Bryan Catanzaro,"4/22/26, 1:59 PM","Hi Bryan, I’m a BYU CompE student and saw you’re a BYU alum at Nvidia. I’d love to connect and learn from your career journey. ",OUTGOING,https://www.linkedin.com/in/noah-goo,https://www.linkedin.com/in/bryancatanzaro
Noah Goo,Grant Christensen,"4/20/26, 10:19 AM",,OUTGOING,https://www.linkedin.com/in/noah-goo,https://www.linkedin.com/in/grantchristensen8
Noah Goo,Kyle Woodbury,"4/16/26, 7:05 AM",,OUTGOING,https://www.linkedin.com/in/noah-goo,https://www.linkedin.com/in/kyle-woodbury-24925535
Noah Goo,Janette Wong,"4/16/26, 7:05 AM",,OUTGOING,https://www.linkedin.com/in/noah-goo,https://www.linkedin.com/in/janettekwong
Noah Goo,Nathaniel Hatch 何瀚森,"4/16/26, 7:04 AM",,OUTGOING,https://www.linkedin.com/in/noah-goo,https://www.linkedin.com/in/nathaniel-hatch
Noah Goo,Josh Weier,"4/16/26, 7:04 AM",,OUTGOING,https://www.linkedin.com/in/noah-goo,https://www.linkedin.com/in/josh-weier-06519b174
Noah Goo,Collin Verbanatz,"4/16/26, 7:03 AM",,OUTGOING,https://www.linkedin.com/in/noah-goo,https://www.linkedin.com/in/collin-verbanatz-5014b51b9
Muhammed Asainar Sv,Noah Goo,"10/2/26, 4:49 AM",,INCOMING,https://www.linkedin.com/in/muhammed-asainar-sv-8857043aa,https://www.linkedin.com/in/noah-goo
Parker  Reese ,Noah Goo,"9/29/26, 10:01 AM",,INCOMING,https://www.linkedin.com/in/parker-reese-2b14641a6,https://www.linkedin.com/in/noah-goo
Zach Wink,Noah Goo,"9/28/26, 11:56 PM",,INCOMING,https://www.linkedin.com/in/zachwink,https://www.linkedin.com/in/noah-goo
Clinton  Miller,Noah Goo,"9/28/26, 9:09 PM",,INCOMING,https://www.linkedin.com/in/clinton-miller-b3b515252,https://www.linkedin.com/in/noah-goo
Dalan Cluff,Noah Goo,"9/28/26, 1:39 PM",,INCOMING,https://www.linkedin.com/in/dalan-cluff-546b16272,https://www.linkedin.com/in/noah-goo
Adam Elmaghraby,Noah Goo,"9/28/26, 1:15 PM",,INCOMING,https://www.linkedin.com/in/adam-elmaghraby,https://www.linkedin.com/in/noah-goo
David Riding,Noah Goo,"9/28/26, 8:48 AM",,INCOMING,https://www.linkedin.com/in/david-riding,https://www.linkedin.com/in/noah-goo
"Dr. A S Longino, CP-LDF SHRM-CP",Noah Goo,"9/28/26, 7:16 AM",,INCOMING,https://www.linkedin.com/in/dr-a-s-longino,https://www.linkedin.com/in/noah-goo
Joel Bustamante,Noah Goo,"9/28/26, 7:12 AM",,INCOMING,https://www.linkedin.com/in/elte316,https://www.linkedin.com/in/noah-goo
Connor Cihula,Noah Goo,"9/25/26, 8:56 AM",,INCOMING,https://www.linkedin.com/in/connor-cihula,https://www.linkedin.com/in/noah-goo
Ronald Mears,Noah Goo,"9/15/26, 8:15 PM",,INCOMING,https://www.linkedin.com/in/ronaldmears,https://www.linkedin.com/in/noah-goo
Carden Reynolds,Noah Goo,"9/10/26, 8:41 AM",,INCOMING,https://www.linkedin.com/in/carden-reynolds-87990020a,https://www.linkedin.com/in/noah-goo
Jeff  Lewis,Noah Goo,"9/8/26, 10:17 PM",,INCOMING,https://www.linkedin.com/in/jeffersonlewis,https://www.linkedin.com/in/noah-goo
Landon Johnson ,Noah Goo,"9/5/26, 3:09 PM",,INCOMING,https://www.linkedin.com/in/landonwjohnson,https://www.linkedin.com/in/noah-goo
Luke Wang,Noah Goo,"8/31/26, 9:36 AM",,INCOMING,https://www.linkedin.com/in/luke-wang-0798a1251,https://www.linkedin.com/in/noah-goo
Kade Hansen,Noah Goo,"8/22/26, 11:46 AM",,INCOMING,https://www.linkedin.com/in/kade-k-hansen,https://www.linkedin.com/in/noah-goo
Phillip Marx,Noah Goo,"8/6/26, 7:27 PM",,INCOMING,https://www.linkedin.com/in/phillipmarx,https://www.linkedin.com/in/noah-goo
Nathanael Kissell,Noah Goo,"8/6/26, 9:53 AM",,INCOMING,https://www.linkedin.com/in/nathanaelkissell,https://www.linkedin.com/in/noah-goo
Ameer Ahmed,Noah Goo,"8/6/26, 8:04 AM",,INCOMING,https://www.linkedin.com/in/ameer-ahmed-programmer,https://www.linkedin.com/in/noah-goo
Benjamin Bullock,Noah Goo,"8/3/26, 11:07 AM",,INCOMING,https://www.linkedin.com/in/benjamin-bullock-728953231,https://www.linkedin.com/in/noah-goo
Aaron Wood,Noah Goo,"7/16/26, 9:44 AM",,INCOMING,https://www.linkedin.com/in/aaron-wood-cs,https://www.linkedin.com/in/noah-goo
Caroline Wood,Noah Goo,"7/15/26, 3:49 PM",,INCOMING,https://www.linkedin.com/in/caroline-wood-design,https://www.linkedin.com/in/noah-goo
Brandon Hall,Noah Goo,"7/8/26, 10:02 AM",,INCOMING,https://www.linkedin.com/in/brandonhhall,https://www.linkedin.com/in/noah-goo
Kimball Palmer,Noah Goo,"7/7/26, 9:49 AM","Hey Noah! I’m a BYU grad/vc at Kickstart. I'm getting the word out about the entrepreneurship/vc class we teach in the Fall (ENT 425). Seriously, one of the best under-the-radar classes at BYU. Low lift, learn a ton, & we bring in killer unicorn founders & vc guest speakers. You should take it!",INCOMING,https://www.linkedin.com/in/kimball-j-palmer,https://www.linkedin.com/in/noah-goo
Jon Dorrough,Noah Goo,"6/30/26, 1:03 PM",,INCOMING,https://www.linkedin.com/in/jon-dorrough-9896a71,https://www.linkedin.com/in/noah-goo
Patrick Leonard,Noah Goo,"6/22/26, 6:40 AM",,INCOMING,https://www.linkedin.com/in/patrick-leonard-1300b01b,https://www.linkedin.com/in/noah-goo
Chi Hang (Hans) Leung,Noah Goo,"6/20/26, 5:02 PM",,INCOMING,https://www.linkedin.com/in/hans-leung-ch,https://www.linkedin.com/in/noah-goo
Mahathi Velure,Noah Goo,"6/20/26, 11:14 AM",,INCOMING,https://www.linkedin.com/in/mahathi-velure-30a13b229,https://www.linkedin.com/in/noah-goo
Jason Christiansen,Noah Goo,"6/15/26, 5:35 AM",,INCOMING,https://www.linkedin.com/in/jason-christiansen-3b19683bb,https://www.linkedin.com/in/noah-goo
Sawyer Parker,Noah Goo,"6/14/26, 11:15 PM",,INCOMING,https://www.linkedin.com/in/sawyer-parker-4062a330b,https://www.linkedin.com/in/noah-goo
Brandon Bailey,Noah Goo,"6/7/26, 9:42 PM",,INCOMING,https://www.linkedin.com/in/brandon-bailey-17585332a,https://www.linkedin.com/in/noah-goo
Casey Veenendaal,Noah Goo,"6/1/26, 9:33 PM",,INCOMING,https://www.linkedin.com/in/casey-veenendaal-a10865234,https://www.linkedin.com/in/noah-goo
Tiffany  Hong,Noah Goo,"6/1/26, 8:59 PM",,INCOMING,https://www.linkedin.com/in/tiffany-hong-618856262,https://www.linkedin.com/in/noah-goo
Kelly Robinson,Noah Goo,"6/1/26, 7:21 AM",,INCOMING,https://www.linkedin.com/in/kelly-robinson-5a775640,https://www.linkedin.com/in/noah-goo
Isak Fisher,Noah Goo,"5/29/26, 8:51 PM",,INCOMING,https://www.linkedin.com/in/isak-fisher-080845248,https://www.linkedin.com/in/noah-goo
Ryan Bush,Noah Goo,"5/23/26, 10:56 PM",,INCOMING,https://www.linkedin.com/in/ryan-bush-sbm,https://www.linkedin.com/in/noah-goo
Jake Whitworth,Noah Goo,"5/22/26, 5:32 PM",,INCOMING,https://www.linkedin.com/in/jake-whitworth-ds,https://www.linkedin.com/in/noah-goo
David Kiragu,Noah Goo,"5/22/26, 11:13 AM",,INCOMING,https://www.linkedin.com/in/david-kiragu-b77a74215,https://www.linkedin.com/in/noah-goo
Timothy Hoffman,Noah Goo,"5/22/26, 8:42 AM",,INCOMING,https://www.linkedin.com/in/timhoffman35,https://www.linkedin.com/in/noah-goo
Michael Mizrachi,Noah Goo,"5/21/26, 11:21 AM",,INCOMING,https://www.linkedin.com/in/mmzrachi,https://www.linkedin.com/in/noah-goo
Manuel Sibaja,Noah Goo,"5/19/26, 6:33 PM",,INCOMING,https://www.linkedin.com/in/mannysibaja,https://www.linkedin.com/in/noah-goo
Spencer Marshall,Noah Goo,"5/18/26, 8:52 PM",,INCOMING,https://www.linkedin.com/in/spencermarshall87,https://www.linkedin.com/in/noah-goo
Ella Foster,Noah Goo,"5/18/26, 3:44 PM",,INCOMING,https://www.linkedin.com/in/ellafostercsgt,https://www.linkedin.com/in/noah-goo
Ryan Williams,Noah Goo,"5/18/26, 3:21 PM",,INCOMING,https://www.linkedin.com/in/ryanwilliams34,https://www.linkedin.com/in/noah-goo
Ethan Jinks,Noah Goo,"5/18/26, 2:55 PM",,INCOMING,https://www.linkedin.com/in/ethan-jinks,https://www.linkedin.com/in/noah-goo
Andrew Bowman,Noah Goo,"5/18/26, 10:08 AM",,INCOMING,https://www.linkedin.com/in/randrewbowman,https://www.linkedin.com/in/noah-goo
Ryan Cook,Noah Goo,"5/18/26, 8:25 AM",,INCOMING,https://www.linkedin.com/in/ryan-travis-cook,https://www.linkedin.com/in/noah-goo
Joshua Clancy,Noah Goo,"5/14/26, 6:58 PM",,INCOMING,https://www.linkedin.com/in/joshua-clancy-9715532ab,https://www.linkedin.com/in/noah-goo
Ford Doussett,Noah Goo,"5/12/26, 2:15 PM",,INCOMING,https://www.linkedin.com/in/ford-doussett-ab2a631a9,https://www.linkedin.com/in/noah-goo
Jose Smart,Noah Goo,"5/12/26, 10:52 AM",,INCOMING,https://www.linkedin.com/in/jose-smart-348a93317,https://www.linkedin.com/in/noah-goo
NIYOMUKIZA Shalom,Noah Goo,"5/9/26, 4:33 AM",,INCOMING,https://www.linkedin.com/in/niyomukiza-shalom-8069b4371,https://www.linkedin.com/in/noah-goo
Cael Miller,Noah Goo,"5/7/26, 9:01 AM",,INCOMING,https://www.linkedin.com/in/cael-miller-6767a7373,https://www.linkedin.com/in/noah-goo
Nate Nelson,Noah Goo,"5/4/26, 7:29 PM",,INCOMING,https://www.linkedin.com/in/nate-c-nelson,https://www.linkedin.com/in/noah-goo
Drew Cameron,Noah Goo,"5/4/26, 7:29 PM",,INCOMING,https://www.linkedin.com/in/drewparkercameron,https://www.linkedin.com/in/noah-goo
Jayden Ah You,Noah Goo,"5/4/26, 8:54 AM",,INCOMING,https://www.linkedin.com/in/jayden-ah-you-65aa13308,https://www.linkedin.com/in/noah-goo
Myler Yee,Noah Goo,"5/3/26, 6:11 PM",,INCOMING,https://www.linkedin.com/in/myleryee,https://www.linkedin.com/in/noah-goo
Jonah Nield,Noah Goo,"4/30/26, 10:11 PM",,INCOMING,https://www.linkedin.com/in/jonahnield,https://www.linkedin.com/in/noah-goo
Lucia Greco,Noah Goo,"4/27/26, 8:32 AM",,INCOMING,https://www.linkedin.com/in/lucia-greco-921284328,https://www.linkedin.com/in/noah-goo
Braden Barfuss,Noah Goo,"4/22/26, 12:12 PM",,INCOMING,https://www.linkedin.com/in/braden-barfuss,https://www.linkedin.com/in/noah-goo
Elizabeth Chess,Noah Goo,"4/15/26, 6:15 PM",,INCOMING,https://www.linkedin.com/in/elizabeth-chess,https://www.linkedin.com/in/noah-goo
Benjamin Anderson,Noah Goo,"4/14/26, 7:43 PM",,INCOMING,https://www.linkedin.com/in/benjamin-matthew-anderson,https://www.linkedin.com/in/noah-goo
Levi Candland,Noah Goo,"4/11/26, 4:01 PM",,INCOMING,https://www.linkedin.com/in/levi-candland-6189a1233,https://www.linkedin.com/in/noah-goo
Sean Davis,Noah Goo,"4/8/26, 6:55 PM",,INCOMING,https://www.linkedin.com/in/seandavis24,https://www.linkedin.com/in/noah-goo
Manuel Arrayan,Noah Goo,"4/7/26, 7:06 AM",,INCOMING,https://www.linkedin.com/in/manuel-arrayan,https://www.linkedin.com/in/noah-goo
Jose Torres,Noah Goo,"4/4/26, 11:09 AM",,INCOMING,https://www.linkedin.com/in/joseltorres21,https://www.linkedin.com/in/noah-goo
