Question,Answer
Please submit a resume or LinkedIn profile,253641689.pdf
We must fill this position urgently. Can you start immediately?,No
How many years of work experience do you have with PostgreSQL?,2
"Are you willing to undergo a background check, in accordance with local law/regulations?",Yes
Are you legally authorized to work in the United States?,Yes
Mobile phone number, +1 3852983702
How many years of work experience do you have with MongoDB?,1
Are you comfortable working in a remote setting?,Yes
Have you completed the following level of education: Bachelor's Degree?,No
"Will you now, or in the future, require sponsorship for employment visa status (e.g. H-1B visa status)?",No
