Date/Time,Media Description,Media Link
"You uploaded a feed photo on August 6, 2026 at 2:21 AM (GMT)","I had an amazing summer as a Software Engineering Intern at Chick-fil-A Corporate Support Center.

I worked on real cybersecurity projects, everything from migrations to internal tools and automation, and picked up an actual cybersecurity mindset along the way, not just the tools, but how to think about security.

I learned a ton, but honestly the best part was the people. Made friends I?ll keep in touch with, built connections I didn?t expect, and had way more fun than I thought an internship would be.

Huge thanks to Jeanette Rogers, Intern/Co-Op Program and Brandon Houston for running an intern program that truly cares about the people in it. Also shoutout to my coach Angela Hood  and the cybersecurity team, I learned so much from you guys and had a blast doing it.

Grateful for the growth this summer, excited to see where it takes me in the future.",
"You uploaded a feed photo on August 6, 2026 at 2:21 AM (GMT)", -,https://media.licdn.com/dms/image/v2/D4E22AQEYwo6E3wrHYA/feedshare-shrink_800/B4EZ_U4GgtGoAc-/0/1785982913294?e=1792627200&v=beta&t=e9gRk2GHetwVohESjXSufYXea3khffPmXFDK2VJ4kpM
"You uploaded a feed photo on August 6, 2026 at 2:21 AM (GMT)", -,https://media.licdn.com/dms/image/v2/D4E22AQH4ebyWbO0GmA/feedshare-shrink_1280/B4EZ_U4GjVKUAM-/0/1785982913523?e=1792627200&v=beta&t=GNJZwPBXEWWS30kYnO_W-nhp4ruO24qs-UoA25VyymQ
"You uploaded a feed photo on August 6, 2026 at 2:21 AM (GMT)", -,https://media.licdn.com/dms/image/v2/D4E22AQHMIzJsR-wB2g/feedshare-shrink_480/B4EZ_U4GSTKQAg-/0/1785982903763?e=1792627200&v=beta&t=XhmzoSDr4rgNjCcnatossVCyhqVXfp5P5VFSsknj380
"You uploaded a feed photo on August 6, 2026 at 2:21 AM (GMT)", -,https://media.licdn.com/dms/image/v2/D4E22AQGVT3elSjo0Nw/feedshare-shrink_20/B4EZ_U4GPsJQAE-/0/1785982903598?e=1792627200&v=beta&t=aDpmoS9DmIuuGaUzCtndPH9Yz-p2579WENo3VD6sfYo
"You uploaded a profile background photo on July 15, 2026 at 6:26 PM (GMT)", -,https://media.licdn.com/dms/image/v2/D4E16AQFn0wKHrGcrdA/profile-displaybackgroundimage-shrink_200_800/B4EZ9nB8dEKoAQ-/0/1784139991175?e=1792627200&v=beta&t=Zn0OqfKG-hlrxS6AX64KEZlKP1QkOWhpI63uW6nJ7eo
"You uploaded a profile background photo on July 15, 2026 at 6:26 PM (GMT)", -,https://media.licdn.com/dms/image/v2/D4E04AQH_1cIzB1lmvw/profile-background-servable-original-image/B4EZ9nB8gQJEAE-/0/1784139991441?e=1792627200&v=beta&t=fnzKqztp2fKz_q4vvfSt5Im6S7jne3gtzdjC2F2QfY0
"You uploaded a profile photo on June 7, 2026 at 6:38 PM (GMT)", -,https://media.licdn.com/dms/image/v2/D4E04AQHAKo3VnkUPDw/profile-originalphoto-shrink_900_1200/B4EZ6jYQ9rJMAE-/0/1780857510685?e=1792627200&v=beta&t=HA4yENysw3moTM4nN89Thv5maLkBVy5HpoH_J_4ekFs
"You uploaded a photo on June 7, 2026 at 6:38 PM (GMT)", -,https://media.licdn.com/dms/image/v2/D4E03AQHbImvJPDv0mw/profile-displayphoto-scale_100_100/B4EZ6jYQz1HkAY-/0/1780857510060?e=1792627200&v=beta&t=-BLWhGMVuyHMMYlDbiO_N4jI1155B2X6UumhyZ8X62Q
"You uploaded a feed photo on June 1, 2026 at 2:26 PM (GMT)", -,https://media.licdn.com/dms/image/v2/D4E22AQFTy0ERD4IP9w/feedshare-shrink_480/B4EZ6DlJFbGsAg-/0/1780324012628?e=1792627200&v=beta&t=NFON6Xk11Jw4KEatLh8Wf3zHDEKKA-AqNHspG-XBoAs
"You uploaded a feed photo on March 12, 2026 at 5:47 PM (GMT)","Grateful for the opportunity to attend the MIT Sloan Sports Analytics Conference in Boston last week!

I had a great time with Trevan Baxter and Bryce Evans meeting professionals across the sports analytics world and hearing from incredible speakers. It was fascinating to see how organizations are leveraging analytics and data-driven strategies to improve decision making and performance.

Excited to keep learning more about the intersection of data, technology, and sports.",
"You uploaded a feed photo on March 12, 2026 at 5:46 PM (GMT)", -,https://media.licdn.com/dms/image/v2/D5622AQFrjCpbFDl0zg/feedshare-shrink_480/B56ZzjKLplKAAo-/0/1773337631708?e=1792627200&v=beta&t=cSkEz2iO9wKiqBR6Cb4j-wG567tcYhBS0EPBMYdtXNk
"You uploaded a feed photo on March 12, 2026 at 5:46 PM (GMT)", -,https://media.licdn.com/dms/image/v2/D5622AQGLgluALIjY0g/feedshare-shrink_480/B56ZzjKNnoGgAk-/0/1773337636967?e=1792627200&v=beta&t=0e-J7g9BrNULJBc5F0SSiqoma5e1MLMlVMdlaw8eHc0
"You uploaded a feed photo on March 12, 2026 at 5:46 PM (GMT)", -,https://media.licdn.com/dms/image/v2/D5622AQG3TYQsDg6Zjw/feedshare-image-high-res/B56ZzjKNzjHMAY-/0/1773337641152?e=1792627200&v=beta&t=DHW4ogqWDfuuxyv6fFrFNQhTfTk4RifVXODuSwTuDMc
"You uploaded a feed photo on February 12, 2026 at 1:34 AM (GMT)","I'm grateful to share that I will be interning at Chick-fil-A Corporate Support Center this summer in the Digital Transformation & Technology field! 

I want to thank Patricia Schnieber for guiding me through the process, and Tali McDuffie and Christian Wise for taking the time to interview me. I?m excited to learn and grow this summer, and grateful to Jeanette Rogers for organizing and supporting the internship experience.",https://media.licdn.com/dms/image/v2/D5622AQGassR_LASA5Q/feedshare-shrink_480/B56ZxPe93VHoAs-/0/1770860044005?e=1792627200&v=beta&t=IwCKiEcVb_jdslkH5pNRIpKxu1FqF_kU0V3QjxYYvqs
"You uploaded a feed photo on September 19, 2025 at 10:35 PM (GMT)","Over the past couple of years, I?ve spent a lot of time building projects that challenged me and helped me grow as an engineer. This summer, I decided it was time to put them all in one place.

This portfolio isn?t just for recruiters ? it?s also a way for me to look back and see how far I?ve come, and to celebrate the things I?ve built. I love the process of working on something I?m passionate about and watching it become a reality.

I?ll be adding to it regularly as I continue to learn and push myself to new heights.

? Check it out here:?https://noahgoo.dev",https://media.licdn.com/dms/image/v2/D5622AQHA3vSImQrReg/feedshare-shrink_800/B56ZlkHl8UG0Ag-/0/1758321337346?e=1792627200&v=beta&t=5hPxHm6qOZHHKru_NgoEpvFQC6vIrRSRjDJUCx0R_FQ
